"lab","sample","concentration","method","temperature"
2429,"589",19.5,"Roche Vitamin D Total II","Frozen"
2429,"590",19.6,"Roche Vitamin D Total II","Room"
37,"590",20,"LC-MS-MS","Room"
1070,"589",20.3,"DiaSorin Liaison Total","Frozen"
1070,"590",20.9,"DiaSorin Liaison Total","Room"
2360,"589",21.3,"DiaSorin Liaison Total","Frozen"
2360,"590",21.3,"DiaSorin Liaison Total","Room"
2199,"590",24.5,"LC-MS-MS","Room"
2199,"589",25.9,"LC-MS-MS","Frozen"
2393,"590",30.7,"Ortho Total 25OHD","Room"
2178,"590",33.5,"LC-MS-MS","Room"
2124,"589",36.3,"Roche Vitamin D Total II","Frozen"
2237,"589",39,"Beckman Unicel Dxi Total 25OHD","Frozen"
2189,"590",39.3,"HPLC","Room"
1009,"589",39.5,"DiaSorin Liaison Total","Frozen"
1521,"589",42,"DiaSorin Liaison Total","Frozen"
2172,"589",42.5,"Beckman Unicel Dxi Total 25OHD","Frozen"
276,"590",42.6,"DiaSorin Liaison Total","Room"
2241,"589",42.7,"Beckman Unicel Dxi Total 25OHD","Frozen"
1009,"590",43,"DiaSorin Liaison Total","Room"
276,"589",43.4,"DiaSorin Liaison Total","Frozen"
310,"589",43.5,"Beckman Unicel Dxi Total 25OHD","Frozen"
931,"590",43.5,"Ortho Total 25OHD","Room"
1558,"590",43.9,"HPLC","Room"
2045,"590",44,"DiaSorin Liaison Total","Room"
1561,"589",44.3,"Roche Vitamin D Total II","Frozen"
1812,"589",44.3,"DiaSorin Liaison Total","Frozen"
1521,"590",45,"DiaSorin Liaison Total","Room"
2172,"590",45,"Beckman Unicel Dxi Total 25OHD","Room"
221,"589",45.9,"DiaSorin Liaison Total","Frozen"
1561,"590",46,"Roche Vitamin D Total II","Room"
1943,"590",46,"DiaSorin Liaison Total","Room"
2216,"589",46,"Siemens ADVIA Centaur","Frozen"
221,"590",46.4,"DiaSorin Liaison Total","Room"
310,"590",46.7,"Beckman Unicel Dxi Total 25OHD","Room"
2045,"589",47,"DiaSorin Liaison Total","Frozen"
2237,"590",47,"Beckman Unicel Dxi Total 25OHD","Room"
2316,"589",47,"Beckman Unicel Dxi Total 25OHD","Frozen"
2361,"589",47.2,"DiaSorin Liaison Total","Frozen"
2183,"589",47.4,"Siemens ADVIA Centaur","Frozen"
1065,"590",47.5,"LC-MS-MS","Room"
2019,"589",48,"DiaSorin Liaison Total","Frozen"
2189,"589",48,"HPLC","Frozen"
2316,"590",48,"Beckman Unicel Dxi Total 25OHD","Room"
24,"589",48.2,"DiaSorin Liaison Total","Frozen"
2258,"589",48.2,"LC-MS-MS","Frozen"
2438,"589",48.2,"DIAsource Total 25OHD RIA","Frozen"
2258,"590",48.4,"LC-MS-MS","Room"
1943,"589",48.5,"DiaSorin Liaison Total","Frozen"
96,"589",48.8,"IDS EIA","Frozen"
798,"590",48.8,"DiaSorin Liaison Total","Room"
270,"589",49,"Siemens ADVIA Centaur","Frozen"
934,"589",49,"LC-MS-MS","Frozen"
1734,"589",49,"LC-MS-MS","Frozen"
1751,"589",49,"LC-MS-MS","Frozen"
2030,"589",49,"Siemens Atellica IM","Frozen"
2236,"590",49,"Beckman Unicel Dxi Total 25OHD","Room"
2282,"590",49,"Unknown","Room"
2405,"589",49,"DiaSorin Liaison Total","Frozen"
2241,"590",49.2,"Beckman Unicel Dxi Total 25OHD","Room"
2071,"590",49.3,"DiaSorin Liaison Total","Room"
2361,"590",49.4,"DiaSorin Liaison Total","Room"
946,"589",49.5,"DiaSorin Liaison Total","Frozen"
1827,"589",49.5,"DiaSorin Liaison Total","Frozen"
2438,"590",49.5,"DIAsource Total 25OHD RIA","Room"
2394,"589",49.7,"Roche Vitamin D Total II","Frozen"
520,"590",49.8,"DiaSorin Liaison Total","Room"
1815,"590",49.8,"DiaSorin Liaison Total","Room"
539,"589",49.9,"Roche Total 25OHD","Frozen"
194,"590",50,"Beckman Unicel Dxi Total 25OHD","Room"
201,"590",50,"DiaSorin Liaison Total","Room"
412,"590",50,"LC-MS-MS","Room"
447,"589",50,"DiaSorin Liaison Total","Frozen"
673,"590",50,"DiaSorin Liaison Total","Room"
1056,"589",50,"DiaSorin Liaison Total","Frozen"
1065,"589",50,"LC-MS-MS","Frozen"
1084,"589",50,"DiaSorin Liaison Total","Frozen"
1347,"590",50,"DiaSorin Liaison Total","Room"
1370,"590",50,"DiaSorin Liaison Total","Room"
1435,"589",50,"DiaSorin Liaison Total","Frozen"
1435,"590",50,"DiaSorin Liaison Total","Room"
1619,"590",50,"Abbott Architect - New (5P02)","Room"
1751,"590",50,"LC-MS-MS","Room"
1812,"590",50,"DiaSorin Liaison Total","Room"
1957,"590",50,"Beckman Unicel Dxi Total 25OHD","Room"
2135,"589",50,"Siemens ADVIA Centaur","Frozen"
1763,"589",50.1,"DiaSorin Liaison Total","Frozen"
473,"590",50.2,"DiaSorin Liaison Total","Room"
1006,"590",50.3,"DiaSorin Liaison Total","Room"
1434,"589",50.3,"Abbott Architect - New (5P02)","Frozen"
1837,"590",50.3,"LC-MS-MS","Room"
2132,"590",50.3,"LC-MS-MS","Room"
2248,"589",50.3,"Beckman Unicel Dxi Total 25OHD","Frozen"
2428,"589",50.3,"Roche Vitamin D Total II","Frozen"
520,"589",50.4,"DiaSorin Liaison Total","Frozen"
166,"590",50.5,"DiaSorin Liaison Total","Room"
798,"589",50.5,"DiaSorin Liaison Total","Frozen"
1815,"589",50.5,"DiaSorin Liaison Total","Frozen"
1828,"589",50.5,"Roche Total 25OHD","Frozen"
2071,"589",50.5,"DiaSorin Liaison Total","Frozen"
2155,"590",50.5,"DiaSorin Liaison Total","Room"
2416,"589",50.5,"DiaSorin Liaison Total","Frozen"
1840,"590",50.6,"Ortho Total 25OHD","Room"
1828,"590",50.8,"Roche Total 25OHD","Room"
2173,"590",50.8,"Roche Vitamin D Total II","Room"
2345,"589",50.8,"Roche Total 25OHD","Frozen"
2402,"589",50.8,"Abbott Alinity i","Frozen"
934,"590",51,"LC-MS-MS","Room"
1246,"590",51,"Roche Total 25OHD","Room"
1619,"589",51,"Abbott Architect - New (5P02)","Frozen"
1835,"590",51,"DiaSorin Liaison Total","Room"
2019,"590",51,"DiaSorin Liaison Total","Room"
2155,"589",51,"DiaSorin Liaison Total","Frozen"
2282,"589",51,"Unknown","Frozen"
2319,"590",51,"Roche Vitamin D Total II","Room"
2391,"589",51,"Siemens Atellica IM","Frozen"
2405,"590",51,"DiaSorin Liaison Total","Room"
461,"590",51.2,"DiaSorin Liaison Total","Room"
794,"589",51.2,"DiaSorin Liaison Total","Frozen"
1880,"589",51.2,"Bio-Rad BioPlex 2200","Frozen"
303,"589",51.3,"DiaSorin Liaison Total","Frozen"
1006,"589",51.3,"DiaSorin Liaison Total","Frozen"
1068,"589",51.3,"DiaSorin Liaison Total","Frozen"
1165,"590",51.3,"DiaSorin Liaison Total","Room"
1423,"590",51.3,"Siemens Atellica IM","Room"
1530,"589",51.3,"Roche Vitamin D Total II","Frozen"
2124,"590",51.3,"Roche Vitamin D Total II","Room"
2418,"589",51.3,"DiaSorin Liaison Total","Frozen"
1560,"589",51.4,"Roche Vitamin D Total II","Frozen"
1827,"590",51.5,"DiaSorin Liaison Total","Room"
2418,"590",51.5,"DiaSorin Liaison Total","Room"
473,"589",51.7,"DiaSorin Liaison Total","Frozen"
1332,"590",51.7,"DiaSorin Liaison Total","Room"
175,"589",51.8,"DiaSorin Liaison Total","Frozen"
1434,"590",51.8,"Abbott Architect - New (5P02)","Room"
1449,"589",51.8,"DiaSorin Liaison Total","Frozen"
2108,"589",51.9,"DRG Hybrid-XL","Frozen"
39,"589",52,"DiaSorin Liaison Total","Frozen"
90,"590",52,"DiaSorin Liaison Total","Room"
367,"589",52,"DiaSorin Liaison Total","Frozen"
448,"589",52,"DiaSorin Liaison Total","Frozen"
1059,"590",52,"Beckman Unicel Dxi Total 25OHD","Room"
1318,"589",52,"DiaSorin Liaison Total","Frozen"
1318,"590",52,"DiaSorin Liaison Total","Room"
1338,"589",52,"DiaSorin Liaison Total","Frozen"
1514,"590",52,"Unknown","Room"
1568,"590",52,"Roche Vitamin D Total II","Room"
1770,"590",52,"DiaSorin Liaison Total","Room"
1835,"589",52,"DiaSorin Liaison Total","Frozen"
1957,"589",52,"Beckman Unicel Dxi Total 25OHD","Frozen"
2176,"589",52,"DiaSorin Liaison Total","Frozen"
2236,"589",52,"Beckman Unicel Dxi Total 25OHD","Frozen"
2317,"590",52,"DiaSorin Liaison Total","Room"
2345,"590",52,"Roche Total 25OHD","Room"
2425,"589",52,"DiaSorin Liaison Total","Frozen"
2441,"589",52,"DiaSorin Liaison Total","Frozen"
1931,"589",52.1,"Siemens Atellica IM","Frozen"
2108,"590",52.1,"DRG Hybrid-XL","Room"
331,"589",52.3,"DiaSorin Liaison Total","Frozen"
2133,"589",52.3,"LC-MS-MS","Frozen"
2359,"590",52.3,"DiaSorin Liaison Total","Room"
2425,"590",52.3,"DiaSorin Liaison Total","Room"
344,"589",52.5,"LC-MS-MS","Frozen"
432,"589",52.5,"DiaSorin Liaison Total","Frozen"
433,"589",52.5,"DiaSorin Liaison Total","Frozen"
660,"589",52.5,"IDS EIA","Frozen"
692,"590",52.5,"DiaSorin Liaison Total","Room"
724,"589",52.5,"DiaSorin Liaison Total","Frozen"
1056,"590",52.5,"DiaSorin Liaison Total","Room"
1530,"590",52.5,"Roche Vitamin D Total II","Room"
1632,"589",52.5,"DiaSorin Liaison Total","Frozen"
1680,"589",52.5,"DIAsource Total 25OHD RIA","Frozen"
2428,"590",52.5,"Roche Vitamin D Total II","Room"
461,"589",52.6,"DiaSorin Liaison Total","Frozen"
1449,"590",52.6,"DiaSorin Liaison Total","Room"
996,"590",52.7,"DiaSorin Liaison Total","Room"
1823,"589",52.7,"DiaSorin Liaison Total","Frozen"
102,"589",52.8,"DiaSorin Liaison Total","Frozen"
391,"589",52.8,"DiaSorin Liaison Total","Frozen"
559,"589",52.8,"IDS-iSYS New","Frozen"
794,"590",52.8,"DiaSorin Liaison Total","Room"
996,"589",52.8,"DiaSorin Liaison Total","Frozen"
1084,"590",52.8,"DiaSorin Liaison Total","Room"
1141,"589",52.8,"IDS EIA","Frozen"
1170,"589",52.8,"Roche Vitamin D Total II","Frozen"
1904,"590",52.8,"DiaSorin Liaison Total","Room"
2079,"589",52.8,"DiaSorin Liaison Total","Frozen"
2132,"589",52.8,"LC-MS-MS","Frozen"
2133,"590",52.8,"LC-MS-MS","Room"
2149,"589",52.8,"DiaSorin Liaison Total","Frozen"
96,"590",52.9,"IDS EIA","Room"
304,"590",52.9,"DiaSorin Liaison Total","Room"
1938,"590",52.9,"DiaSorin Liaison Total","Room"
166,"589",53,"DiaSorin Liaison Total","Frozen"
201,"589",53,"DiaSorin Liaison Total","Frozen"
256,"590",53,"IDS-iSYS New","Room"
411,"590",53,"Roche Vitamin D Total II","Room"
441,"589",53,"DiaSorin Liaison Total","Frozen"
1155,"590",53,"Beckman Unicel Dxi Total 25OHD","Room"
1405,"590",53,"IDS-iSYS","Room"
1938,"589",53,"DiaSorin Liaison Total","Frozen"
2079,"590",53,"DiaSorin Liaison Total","Room"
2130,"590",53,"Roche Total 25OHD","Room"
2317,"589",53,"DiaSorin Liaison Total","Frozen"
549,"590",53.1,"LC-MS-MS","Room"
24,"590",53.2,"DiaSorin Liaison Total","Room"
304,"589",53.2,"DiaSorin Liaison Total","Frozen"
367,"590",53.2,"DiaSorin Liaison Total","Room"
194,"589",53.3,"Beckman Unicel Dxi Total 25OHD","Frozen"
296,"589",53.3,"DiaSorin Liaison Total","Frozen"
660,"590",53.3,"IDS EIA","Room"
676,"589",53.3,"IDS-iSYS","Frozen"
1642,"589",53.3,"DRG ELISA","Frozen"
2347,"589",53.3,"Roche Total 25OHD","Frozen"
2424,"589",53.3,"DiaSorin Liaison Total","Frozen"
539,"590",53.4,"Roche Total 25OHD","Room"
449,"589",53.5,"DiaSorin Liaison Total","Frozen"
449,"590",53.5,"DiaSorin Liaison Total","Room"
582,"590",53.5,"DiaSorin Liaison Total","Room"
646,"589",53.5,"DiaSorin Liaison Total","Frozen"
1370,"589",53.5,"DiaSorin Liaison Total","Frozen"
1880,"590",53.5,"Bio-Rad BioPlex 2200","Room"
2173,"589",53.5,"Roche Vitamin D Total II","Frozen"
2354,"590",53.5,"DiaSorin Liaison Total","Room"
2359,"589",53.5,"DiaSorin Liaison Total","Frozen"
2363,"590",53.5,"DiaSorin Liaison Total","Room"
2416,"590",53.5,"DiaSorin Liaison Total","Room"
256,"589",53.6,"IDS-iSYS New","Frozen"
391,"590",53.6,"DiaSorin Liaison Total","Room"
1654,"589",53.6,"DiaSorin Liaison Total","Frozen"
2421,"590",53.6,"DiaSorin Liaison Total","Room"
1141,"590",53.7,"IDS EIA","Room"
1632,"590",53.7,"DiaSorin Liaison Total","Room"
102,"590",53.8,"DiaSorin Liaison Total","Room"
128,"589",53.8,"Roche Total 25OHD","Frozen"
236,"590",53.8,"DiaSorin Liaison Total","Room"
1001,"590",53.8,"DiaSorin Liaison Total","Room"
1165,"589",53.8,"DiaSorin Liaison Total","Frozen"
1639,"590",53.8,"IDS-iSYS","Room"
2082,"589",53.8,"DiaSorin Liaison Total","Frozen"
2095,"589",53.8,"DiaSorin Liaison Total","Frozen"
2309,"590",53.8,"Abbott Architect - New (5P02)","Room"
2421,"589",53.8,"DiaSorin Liaison Total","Frozen"
1332,"589",53.9,"DiaSorin Liaison Total","Frozen"
31,"589",54,"DiaSorin Liaison Total","Frozen"
331,"590",54,"DiaSorin Liaison Total","Room"
376,"590",54,"Roche Vitamin D Total II","Room"
441,"590",54,"DiaSorin Liaison Total","Room"
447,"590",54,"DiaSorin Liaison Total","Room"
448,"590",54,"DiaSorin Liaison Total","Room"
646,"590",54,"DiaSorin Liaison Total","Room"
1059,"589",54,"Beckman Unicel Dxi Total 25OHD","Frozen"
1246,"589",54,"Roche Total 25OHD","Frozen"
1514,"589",54,"Unknown","Frozen"
1568,"589",54,"Roche Vitamin D Total II","Frozen"
1956,"590",54,"Beckman Unicel Dxi Total 25OHD","Room"
1962,"589",54,"Beckman Unicel Dxi Total 25OHD","Frozen"
2016,"589",54,"DiaSorin Liaison Total","Frozen"
2176,"590",54,"DiaSorin Liaison Total","Room"
2216,"590",54,"Siemens ADVIA Centaur","Room"
2302,"590",54,"Roche Vitamin D Total II","Room"
2319,"589",54,"Roche Vitamin D Total II","Frozen"
2422,"589",54,"DiaSorin Liaison Total","Frozen"
2424,"590",54,"DiaSorin Liaison Total","Room"
1801,"589",54.1,"DiaSorin Liaison Total","Frozen"
2183,"590",54.2,"Siemens ADVIA Centaur","Room"
2394,"590",54.2,"Roche Vitamin D Total II","Room"
433,"590",54.3,"DiaSorin Liaison Total","Room"
446,"590",54.3,"IDS-iSYS New","Room"
462,"589",54.3,"DiaSorin Liaison Total","Frozen"
676,"590",54.3,"IDS-iSYS","Room"
1018,"589",54.3,"DiaSorin Liaison Total","Frozen"
1746,"589",54.3,"Beckman Unicel Dxi Total 25OHD","Frozen"
1864,"590",54.3,"LC-MS-MS","Room"
2085,"590",54.3,"Abbott Architect - New (5P02)","Room"
2087,"589",54.3,"Glenbio 25OH Vitamin D","Frozen"
2354,"589",54.3,"DiaSorin Liaison Total","Frozen"
2247,"589",54.4,"DiaSorin Liaison Total","Frozen"
2248,"590",54.4,"Beckman Unicel Dxi Total 25OHD","Room"
236,"589",54.5,"DiaSorin Liaison Total","Frozen"
912,"590",54.5,"IDS-iSYS","Room"
1614,"590",54.5,"Roche Total 25OHD","Room"
1670,"590",54.5,"Roche Vitamin D Total II","Room"
1770,"589",54.5,"DiaSorin Liaison Total","Frozen"
1811,"589",54.5,"DiaSorin Liaison Total","Frozen"
1904,"589",54.5,"DiaSorin Liaison Total","Frozen"
1936,"589",54.5,"DiaSorin Liaison Total","Frozen"
2082,"590",54.5,"DiaSorin Liaison Total","Room"
2087,"590",54.5,"Glenbio 25OH Vitamin D","Room"
2347,"590",54.5,"Roche Total 25OHD","Room"
2362,"590",54.5,"DiaSorin Liaison Total","Room"
2422,"590",54.5,"DiaSorin Liaison Total","Room"
1763,"590",54.6,"DiaSorin Liaison Total","Room"
79,"589",54.7,"DiaSorin Liaison Total","Frozen"
150,"590",54.7,"DiaSorin Liaison Total","Room"
51,"590",54.8,"Roche Vitamin D Total II","Room"
469,"589",54.8,"DiaSorin Liaison Total","Frozen"
565,"589",54.8,"DiaSorin Liaison Total","Frozen"
565,"590",54.8,"DiaSorin Liaison Total","Room"
1072,"589",54.8,"DiaSorin Liaison Total","Frozen"
1127,"590",54.8,"DiaSorin Liaison Total","Room"
1936,"590",54.8,"DiaSorin Liaison Total","Room"
2042,"589",54.8,"LC-MS-MS","Frozen"
2363,"589",54.8,"DiaSorin Liaison Total","Frozen"
931,"589",54.9,"Ortho Total 25OHD","Frozen"
1791,"589",54.9,"DiaSorin Liaison Total","Frozen"
1956,"589",54.9,"Beckman Unicel Dxi Total 25OHD","Frozen"
1974,"589",54.9,"Roche Vitamin D Total II","Frozen"
17,"589",55,"Siemens ADVIA Centaur","Frozen"
31,"590",55,"DiaSorin Liaison Total","Room"
46,"589",55,"DiaSorin Liaison Total","Frozen"
175,"590",55,"DiaSorin Liaison Total","Room"
319,"589",55,"DiaSorin Liaison Total","Frozen"
412,"589",55,"LC-MS-MS","Frozen"
553,"589",55,"DiaSorin Liaison Total","Frozen"
553,"590",55,"DiaSorin Liaison Total","Room"
582,"589",55,"DiaSorin Liaison Total","Frozen"
673,"589",55,"DiaSorin Liaison Total","Frozen"
678,"590",55,"DiaSorin Liaison Total","Room"
692,"589",55,"DiaSorin Liaison Total","Frozen"
717,"589",55,"DiaSorin Liaison Total","Frozen"
717,"590",55,"DiaSorin Liaison Total","Room"
735,"589",55,"DiaSorin Liaison Total","Frozen"
1155,"589",55,"Beckman Unicel Dxi Total 25OHD","Frozen"
1325,"589",55,"DiaSorin Liaison Total","Frozen"
1338,"590",55,"DiaSorin Liaison Total","Room"
1347,"589",55,"DiaSorin Liaison Total","Frozen"
1691,"590",55,"Abbott Architect - New (5P02)","Room"
2130,"589",55,"Roche Total 25OHD","Frozen"
2251,"589",55,"DiaSorin Liaison Total","Frozen"
2302,"589",55,"Roche Vitamin D Total II","Frozen"
912,"589",55.1,"IDS-iSYS","Frozen"
995,"590",55.1,"DiaSorin Liaison Total","Room"
2419,"589",55.1,"DiaSorin Liaison Total","Frozen"
2423,"590",55.1,"DiaSorin Liaison Total","Room"
431,"589",55.2,"DiaSorin Liaison Total","Frozen"
623,"589",55.2,"Abbott Architect - New (5P02)","Frozen"
554,"590",55.3,"DiaSorin Liaison Total","Room"
587,"590",55.3,"Roche Vitamin D Total II","Room"
663,"590",55.3,"LC-MS-MS","Room"
946,"590",55.3,"DiaSorin Liaison Total","Room"
1365,"589",55.3,"Abbott Architect - New (5P02)","Frozen"
1785,"590",55.3,"DiaSorin Liaison Total","Room"
1872,"589",55.3,"LC-MS-MS","Frozen"
2095,"590",55.3,"DiaSorin Liaison Total","Room"
2149,"590",55.3,"DiaSorin Liaison Total","Room"
2297,"589",55.3,"DiaSorin Liaison Total","Frozen"
347,"589",55.4,"DiaSorin Liaison Total","Frozen"
240,"590",55.5,"DiaSorin Liaison Total","Room"
483,"590",55.5,"DiaSorin Liaison Total","Room"
528,"590",55.5,"LC-MS-MS","Room"
737,"590",55.5,"DiaSorin Liaison Total","Room"
1365,"590",55.5,"Abbott Architect - New (5P02)","Room"
1441,"590",55.5,"HPLC","Room"
1444,"589",55.5,"Abbott Architect - New (5P02)","Frozen"
1670,"589",55.5,"Roche Vitamin D Total II","Frozen"
1691,"589",55.5,"Abbott Architect - New (5P02)","Frozen"
1725,"590",55.5,"Ortho Total 25OHD","Room"
1811,"590",55.5,"DiaSorin Liaison Total","Room"
2299,"589",55.5,"DiaSorin Liaison Total","Frozen"
2417,"590",55.5,"DiaSorin Liaison Total","Room"
2423,"589",55.5,"DiaSorin Liaison Total","Frozen"
70,"590",55.6,"DiaSorin Liaison Total","Room"
1913,"589",55.6,"Roche Total 25OHD","Frozen"
411,"589",55.7,"Roche Vitamin D Total II","Frozen"
480,"590",55.7,"DiaSorin Liaison Total","Room"
1491,"590",55.7,"LC-MS-MS","Room"
1864,"589",55.7,"LC-MS-MS","Frozen"
2206,"589",55.7,"LC-MS-MS","Frozen"
554,"589",55.8,"DiaSorin Liaison Total","Frozen"
562,"589",55.8,"DiaSorin Liaison Total","Frozen"
736,"589",55.8,"DiaSorin Liaison Total","Frozen"
736,"590",55.8,"DiaSorin Liaison Total","Room"
995,"589",55.8,"DiaSorin Liaison Total","Frozen"
1068,"590",55.8,"DiaSorin Liaison Total","Room"
1173,"590",55.8,"LC-MS-MS","Room"
1792,"589",55.8,"DiaSorin Liaison Total","Frozen"
2431,"589",55.9,"IDS EIA","Frozen"
22,"590",56,"Roche Vitamin D Total II","Room"
39,"590",56,"DiaSorin Liaison Total","Room"
81,"589",56,"Beckman Access2 Total 25OHD","Frozen"
81,"590",56,"Beckman Access2 Total 25OHD","Room"
141,"589",56,"IDS-iSYS","Frozen"
150,"589",56,"DiaSorin Liaison Total","Frozen"
270,"590",56,"Siemens ADVIA Centaur","Room"
376,"589",56,"Roche Vitamin D Total II","Frozen"
1072,"590",56,"DiaSorin Liaison Total","Room"
1647,"589",56,"Abbott Alinity i","Frozen"
2143,"589",56,"IDS-iSYS New","Frozen"
2217,"589",56,"Siemens ADVIA Centaur","Frozen"
2261,"590",56,"Roche Vitamin D Total II","Room"
2389,"590",56,"Roche Vitamin D Total II","Room"
2417,"589",56,"DiaSorin Liaison Total","Frozen"
2419,"590",56,"DiaSorin Liaison Total","Room"
70,"589",56.1,"DiaSorin Liaison Total","Frozen"
1840,"589",56.1,"Ortho Total 25OHD","Frozen"
2372,"589",56.1,"LC-MS-MS","Frozen"
2393,"589",56.1,"Ortho Total 25OHD","Frozen"
1560,"590",56.2,"Roche Vitamin D Total II","Room"
2290,"589",56.2,"DiaSorin Liaison Total","Frozen"
2356,"589",56.2,"DiaSorin Liaison Total","Frozen"
128,"590",56.3,"Roche Total 25OHD","Room"
303,"590",56.3,"DiaSorin Liaison Total","Room"
483,"589",56.3,"DiaSorin Liaison Total","Frozen"
559,"590",56.3,"IDS-iSYS New","Room"
1274,"589",56.3,"LC-MS-MS","Frozen"
1559,"589",56.3,"Roche Total 25OHD","Frozen"
1642,"590",56.3,"DRG ELISA","Room"
2031,"590",56.3,"IDS-iSYS","Room"
2304,"590",56.3,"Abbott Architect - New (5P02)","Room"
2371,"589",56.3,"Roche Vitamin D Total II","Frozen"
1255,"590",56.4,"Roche Vitamin D Total II","Room"
2206,"590",56.4,"LC-MS-MS","Room"
2312,"590",56.4,"LC-MS-MS","Room"
167,"589",56.5,"Roche Vitamin D Total II","Frozen"
205,"589",56.5,"IDS-iSYS New","Frozen"
296,"590",56.5,"DiaSorin Liaison Total","Room"
350,"589",56.5,"IDS-iSYS New","Frozen"
431,"590",56.5,"DiaSorin Liaison Total","Room"
678,"589",56.5,"DiaSorin Liaison Total","Frozen"
696,"589",56.5,"DiaSorin Liaison Total","Frozen"
696,"590",56.5,"DiaSorin Liaison Total","Room"
735,"590",56.5,"DiaSorin Liaison Total","Room"
1007,"590",56.5,"DiaSorin Liaison Total","Room"
1274,"590",56.5,"LC-MS-MS","Room"
1384,"590",56.5,"Roche Vitamin D Total II","Room"
1405,"589",56.5,"IDS-iSYS","Frozen"
1718,"590",56.5,"Abbott Architect - New (5P02)","Room"
2165,"590",56.5,"Abbott Architect - New (5P02)","Room"
2388,"589",56.5,"LC-MS-MS","Frozen"
215,"590",56.6,"IDS EIA","Room"
418,"589",56.6,"Siemens ADVIA Centaur","Frozen"
1181,"590",56.6,"Roche Total 25OHD","Room"
1491,"589",56.6,"LC-MS-MS","Frozen"
2123,"589",56.6,"LC-MS-MS","Frozen"
2170,"590",56.6,"LC-MS-MS","Room"
215,"589",56.7,"IDS EIA","Frozen"
456,"590",56.7,"Abbott Architect - New (5P02)","Room"
1654,"590",56.7,"DiaSorin Liaison Total","Room"
2327,"590",56.7,"Roche Vitamin D Total II","Room"
191,"589",56.8,"DiaSorin Liaison Total","Frozen"
446,"589",56.8,"IDS-iSYS New","Frozen"
469,"590",56.8,"DiaSorin Liaison Total","Room"
479,"589",56.8,"DiaSorin Liaison Total","Frozen"
528,"589",56.8,"LC-MS-MS","Frozen"
797,"589",56.8,"DiaSorin Liaison Total","Frozen"
1519,"590",56.8,"LC-MS-MS","Room"
1785,"589",56.8,"DiaSorin Liaison Total","Frozen"
2077,"590",56.8,"DiaSorin Liaison Total","Room"
2157,"589",56.8,"DiaSorin Liaison Total","Frozen"
2198,"589",56.8,"Roche Total 25OHD","Frozen"
2309,"589",56.8,"Abbott Architect - New (5P02)","Frozen"
2327,"589",56.8,"Roche Vitamin D Total II","Frozen"
2420,"589",56.8,"DiaSorin Liaison Total","Frozen"
2431,"590",56.8,"IDS EIA","Room"
1934,"590",56.9,"LC-MS-MS","Room"
22,"589",57,"Roche Vitamin D Total II","Frozen"
36,"589",57,"Abbott Architect - New (5P02)","Frozen"
57,"590",57,"Roche Vitamin D Total II","Room"
58,"590",57,"IDS-iSYS New","Room"
85,"589",57,"Roche Total 25OHD","Frozen"
104,"590",57,"Beckman Unicel Dxi Total 25OHD","Room"
147,"589",57,"LC-MS-MS","Frozen"
307,"590",57,"LC-MS-MS","Room"
422,"590",57,"Roche Vitamin D Total II","Room"
462,"590",57,"DiaSorin Liaison Total","Room"
479,"590",57,"DiaSorin Liaison Total","Room"
789,"589",57,"Fujirebio Lumipulse G 25OH Vit D","Frozen"
1647,"590",57,"Abbott Alinity i","Room"
1703,"589",57,"IDS-iSYS","Frozen"
2031,"589",57,"IDS-iSYS","Frozen"
2270,"589",57,"Roche Vitamin D Total II","Frozen"
2270,"590",57,"Roche Vitamin D Total II","Room"
2273,"590",57,"Abbott Alinity i","Room"
2299,"590",57,"DiaSorin Liaison Total","Room"
2332,"589",57,"LC-MS-MS","Frozen"
2386,"590",57,"DiaSorin Liaison Total","Room"
2402,"590",57,"Abbott Alinity i","Room"
2430,"589",57,"Roche Vitamin D Total II","Frozen"
2441,"590",57,"DiaSorin Liaison Total","Room"
395,"590",57.1,"Roche Vitamin D Total II","Room"
1965,"589",57.1,"Diazyme 25OH VitD Chemistry Analyzers","Frozen"
418,"590",57.2,"Siemens ADVIA Centaur","Room"
842,"590",57.2,"LC-MS-MS","Room"
1273,"590",57.2,"Euroimmun ELISA","Room"
1802,"590",57.2,"DiaSorin Liaison Total","Room"
2030,"590",57.2,"Siemens Atellica IM","Room"
2388,"590",57.2,"LC-MS-MS","Room"
43,"589",57.3,"Abbott Architect - New (5P02)","Frozen"
240,"589",57.3,"DiaSorin Liaison Total","Frozen"
562,"590",57.3,"DiaSorin Liaison Total","Room"
585,"590",57.3,"IDS-iSYS New","Room"
913,"590",57.3,"Abbott Alinity i","Room"
1001,"589",57.3,"DiaSorin Liaison Total","Frozen"
1444,"590",57.3,"Abbott Architect - New (5P02)","Room"
1493,"589",57.3,"Abbott Alinity i","Frozen"
1630,"589",57.3,"LC-MS-MS","Frozen"
1831,"589",57.3,"Abbott Alinity i","Frozen"
1831,"590",57.3,"Abbott Alinity i","Room"
2243,"590",57.3,"DiaSorin Liaison Total","Room"
2297,"590",57.3,"DiaSorin Liaison Total","Room"
2322,"589",57.3,"Abbott Alinity i","Frozen"
2420,"590",57.3,"DiaSorin Liaison Total","Room"
1455,"589",57.4,"LC-MS-MS","Frozen"
1576,"589",57.4,"Abbott Architect - New (5P02)","Frozen"
1576,"590",57.4,"Abbott Architect - New (5P02)","Room"
2325,"589",57.4,"LC-MS-MS","Frozen"
95,"590",57.5,"Roche Vitamin D Total II","Room"
246,"589",57.5,"DiaSorin Liaison Total","Frozen"
311,"589",57.5,"Roche Vitamin D Total II","Frozen"
311,"590",57.5,"Roche Vitamin D Total II","Room"
344,"590",57.5,"LC-MS-MS","Room"
456,"589",57.5,"Abbott Architect - New (5P02)","Frozen"
514,"590",57.5,"DiaSorin Liaison Total","Room"
724,"590",57.5,"DiaSorin Liaison Total","Room"
737,"589",57.5,"DiaSorin Liaison Total","Frozen"
944,"590",57.5,"LC-MS-MS","Room"
1018,"590",57.5,"DiaSorin Liaison Total","Room"
1604,"590",57.5,"Roche Vitamin D Total II","Room"
1639,"589",57.5,"IDS-iSYS","Frozen"
1680,"590",57.5,"DIAsource Total 25OHD RIA","Room"
1725,"589",57.5,"Ortho Total 25OHD","Frozen"
2188,"590",57.5,"Roche Vitamin D Total II","Room"
2198,"590",57.5,"Roche Total 25OHD","Room"
415,"589",57.6,"Siemens Atellica IM","Frozen"
751,"589",57.6,"Siemens ADVIA Centaur","Frozen"
1913,"590",57.6,"Roche Total 25OHD","Room"
2243,"589",57.6,"DiaSorin Liaison Total","Frozen"
198,"589",57.7,"Siemens ADVIA Centaur","Frozen"
1791,"590",57.7,"DiaSorin Liaison Total","Room"
88,"590",57.8,"Abbott Architect - New (5P02)","Room"
319,"590",57.8,"DiaSorin Liaison Total","Room"
514,"589",57.8,"DiaSorin Liaison Total","Frozen"
522,"589",57.8,"LC-MS-MS","Frozen"
2278,"589",57.8,"LC-MS-MS","Frozen"
480,"589",57.9,"DiaSorin Liaison Total","Frozen"
1108,"590",57.9,"Roche Vitamin D Total II","Room"
1802,"589",57.9,"DiaSorin Liaison Total","Frozen"
1823,"590",57.9,"DiaSorin Liaison Total","Room"
2136,"589",57.9,"Siemens ADVIA Centaur","Frozen"
58,"589",58,"IDS-iSYS New","Frozen"
167,"590",58,"Roche Vitamin D Total II","Room"
230,"590",58,"Roche Vitamin D Total II","Room"
255,"589",58,"LC-MS-MS","Frozen"
532,"589",58,"LC-MS-MS","Frozen"
627,"589",58,"Beckman Unicel Dxi Total 25OHD","Frozen"
663,"589",58,"LC-MS-MS","Frozen"
1007,"589",58,"DiaSorin Liaison Total","Frozen"
1015,"589",58,"Beckman Unicel Dxi Total 25OHD","Frozen"
1558,"589",58,"HPLC","Frozen"
1630,"590",58,"LC-MS-MS","Room"
1664,"589",58,"Abbott Architect - New (5P02)","Frozen"
1664,"590",58,"Abbott Architect - New (5P02)","Room"
1731,"589",58,"Abbott Architect - New (5P02)","Frozen"
1734,"590",58,"LC-MS-MS","Room"
1872,"590",58,"LC-MS-MS","Room"
1894,"589",58,"IDS-iSYS","Frozen"
2077,"589",58,"DiaSorin Liaison Total","Frozen"
2085,"589",58,"Abbott Architect - New (5P02)","Frozen"
2098,"589",58,"LC-MS-MS","Frozen"
2098,"590",58,"LC-MS-MS","Room"
2170,"589",58,"LC-MS-MS","Frozen"
2261,"589",58,"Roche Vitamin D Total II","Frozen"
2333,"590",58,"Roche Vitamin D Total II","Room"
2384,"589",58,"Roche Vitamin D Total II","Frozen"
2384,"590",58,"Roche Vitamin D Total II","Room"
2389,"589",58,"Roche Vitamin D Total II","Frozen"
2016,"590",58.1,"DiaSorin Liaison Total","Room"
2017,"590",58.1,"LC-MS-MS","Room"
350,"590",58.2,"IDS-iSYS New","Room"
870,"590",58.2,"LC-MS-MS","Room"
1230,"590",58.2,"Roche Total 25OHD","Room"
1494,"590",58.2,"DiaSorin Liaison Total","Room"
1590,"590",58.2,"IDS-iSYS New","Room"
2119,"590",58.2,"Abbott Architect - New (5P02)","Room"
51,"589",58.3,"Roche Vitamin D Total II","Frozen"
522,"590",58.3,"LC-MS-MS","Room"
797,"590",58.3,"DiaSorin Liaison Total","Room"
1101,"590",58.3,"Roche Vitamin D Total II","Room"
2042,"590",58.3,"LC-MS-MS","Room"
2123,"590",58.3,"LC-MS-MS","Room"
2242,"589",58.3,"Abbott Architect - New (5P02)","Frozen"
655,"589",58.4,"LC-MS-MS","Frozen"
2348,"589",58.4,"LC-MS-MS","Frozen"
43,"590",58.5,"Abbott Architect - New (5P02)","Room"
532,"590",58.5,"Abbott Alinity i","Room"
587,"589",58.5,"Roche Vitamin D Total II","Frozen"
1170,"590",58.5,"Roche Vitamin D Total II","Room"
1748,"590",58.5,"DiaSorin Liaison Total","Room"
1893,"590",58.5,"Abbott Architect - New (5P02)","Room"
2322,"590",58.5,"Abbott Alinity i","Room"
2247,"590",58.6,"DiaSorin Liaison Total","Room"
347,"590",58.7,"DiaSorin Liaison Total","Room"
623,"590",58.7,"Abbott Architect - New (5P02)","Room"
1181,"589",58.7,"Roche Total 25OHD","Frozen"
1703,"590",58.7,"IDS-iSYS","Room"
2165,"589",58.7,"Abbott Architect - New (5P02)","Frozen"
2202,"589",58.7,"LC-MS-MS","Frozen"
2213,"590",58.7,"Roche Vitamin D Total II","Room"
465,"590",58.8,"Siemens ADVIA Centaur","Room"
1614,"589",58.8,"Roche Total 25OHD","Frozen"
1801,"590",58.8,"DiaSorin Liaison Total","Room"
1944,"590",58.8,"DiaSorin Liaison Total","Room"
1974,"590",58.8,"Roche Vitamin D Total II","Room"
2305,"590",58.8,"Abbott Architect - Old (3L52)","Room"
2372,"590",58.8,"LC-MS-MS","Room"
2387,"589",58.8,"LC-MS-MS","Frozen"
2387,"590",58.8,"LC-MS-MS","Room"
986,"589",58.9,"DiaSorin Liaison Total","Frozen"
1242,"590",58.9,"Roche Vitamin D Total II","Room"
1934,"589",58.9,"LC-MS-MS","Frozen"
23,"589",59,"LC-MS-MS","Frozen"
23,"590",59,"LC-MS-MS","Room"
46,"590",59,"DiaSorin Liaison Total","Room"
57,"589",59,"Roche Vitamin D Total II","Frozen"
71,"590",59,"Roche Vitamin D Total II","Room"
85,"590",59,"Roche Total 25OHD","Room"
117,"589",59,"Fujirebio Lumipulse G 25OH Vit D","Frozen"
117,"590",59,"Fujirebio Lumipulse G 25OH Vit D","Room"
187,"590",59,"DiaSorin Liaison Total","Room"
230,"589",59,"Roche Vitamin D Total II","Frozen"
359,"589",59,"DiaSorin Liaison Total","Frozen"
364,"589",59,"DiaSorin Liaison Total","Frozen"
422,"589",59,"Roche Vitamin D Total II","Frozen"
681,"589",59,"Roche Vitamin D Total II","Frozen"
1077,"589",59,"Abbott Alinity i","Frozen"
1127,"589",59,"DiaSorin Liaison Total","Frozen"
1189,"589",59,"LC-MS-MS","Frozen"
1189,"590",59,"LC-MS-MS","Room"
1494,"589",59,"DiaSorin Liaison Total","Frozen"
1553,"589",59,"Siemens Atellica IM","Frozen"
1553,"590",59,"Siemens Atellica IM","Room"
1731,"590",59,"Abbott Architect - New (5P02)","Room"
1748,"589",59,"DiaSorin Liaison Total","Frozen"
1760,"590",59,"LC-MS-MS","Room"
1805,"590",59,"Roche Vitamin D Total II","Room"
1820,"589",59,"DiaSorin Liaison Total","Frozen"
1820,"590",59,"DiaSorin Liaison Total","Room"
1962,"590",59,"Beckman Unicel Dxi Total 25OHD","Room"
1977,"590",59,"Abbott Architect - New (5P02)","Room"
2157,"590",59,"DiaSorin Liaison Total","Room"
2188,"589",59,"Roche Vitamin D Total II","Frozen"
2325,"590",59,"LC-MS-MS","Room"
2332,"590",59,"LC-MS-MS","Room"
2333,"589",59,"Roche Vitamin D Total II","Frozen"
2368,"590",59,"Beckman Unicel Dxi Total 25OHD","Room"
2369,"589",59,"LC-MS-MS","Frozen"
2386,"589",59,"DiaSorin Liaison Total","Frozen"
53,"590",59.1,"Abbott Architect - New (5P02)","Room"
1493,"590",59.1,"Abbott Alinity i","Room"
1590,"589",59.1,"IDS-iSYS New","Frozen"
1965,"590",59.1,"Diazyme 25OH VitD Chemistry Analyzers","Room"
1970,"590",59.1,"LC-MS-MS","Room"
2371,"590",59.1,"Roche Vitamin D Total II","Room"
842,"589",59.2,"LC-MS-MS","Frozen"
1479,"590",59.2,"LC-MS-MS","Room"
88,"589",59.3,"Abbott Architect - New (5P02)","Frozen"
534,"589",59.3,"IDS-iSYS","Frozen"
947,"589",59.3,"DiaSorin Liaison Total","Frozen"
1101,"589",59.3,"Roche Vitamin D Total II","Frozen"
1201,"590",59.3,"LC-MS-MS","Room"
1886,"590",59.3,"IDS-iSYS New","Room"
1944,"589",59.3,"DiaSorin Liaison Total","Frozen"
2273,"589",59.3,"Abbott Alinity i","Frozen"
2304,"589",59.3,"Abbott Architect - New (5P02)","Frozen"
186,"590",59.4,"LC-MS-MS","Room"
224,"589",59.4,"Siemens ADVIA Centaur","Frozen"
1792,"590",59.4,"DiaSorin Liaison Total","Room"
2329,"589",59.4,"LC-MS-MS","Frozen"
789,"590",59.5,"Fujirebio Lumipulse G 25OH Vit D","Room"
833,"590",59.5,"DiaSorin Liaison Total","Room"
958,"590",59.5,"IDS-iSYS","Room"
2242,"590",59.5,"Abbott Architect - New (5P02)","Room"
2329,"590",59.5,"LC-MS-MS","Room"
2430,"590",59.5,"Roche Vitamin D Total II","Room"
295,"590",59.6,"Abbott Alinity i","Room"
305,"589",59.6,"Siemens ADVIA Centaur","Frozen"
986,"590",59.6,"DiaSorin Liaison Total","Room"
53,"589",59.7,"Abbott Architect - New (5P02)","Frozen"
1559,"590",59.7,"Roche Total 25OHD","Room"
364,"590",59.8,"DiaSorin Liaison Total","Room"
730,"590",59.8,"DiaSorin Liaison Total","Room"
1230,"589",59.8,"Roche Total 25OHD","Frozen"
1297,"590",59.8,"DiaSorin Liaison Total","Room"
2278,"590",59.8,"LC-MS-MS","Room"
1681,"589",59.9,"DIAsource Total 25OHD ELISA","Frozen"
2096,"589",59.9,"IDS-iSYS New","Frozen"
17,"590",60,"Siemens ADVIA Centaur","Room"
40,"590",60,"Abbott Architect - New (5P02)","Room"
55,"589",60,"Abbott Alinity i","Frozen"
90,"589",60,"DiaSorin Liaison Total","Frozen"
152,"590",60,"IDS-iSYS New","Room"
179,"590",60,"Siemens Atellica IM","Room"
246,"590",60,"DiaSorin Liaison Total","Room"
295,"589",60,"Abbott Alinity i","Frozen"
432,"590",60,"DiaSorin Liaison Total","Room"
534,"590",60,"IDS-iSYS","Room"
738,"590",60,"DiaSorin Liaison Total","Room"
802,"590",60,"IDS-iSYS","Room"
859,"589",60,"LC-MS-MS","Frozen"
861,"590",60,"LC-MS-MS","Room"
885,"590",60,"IDS-iSYS New","Room"
944,"589",60,"LC-MS-MS","Frozen"
1077,"590",60,"Abbott Alinity i","Room"
1255,"589",60,"Roche Vitamin D Total II","Frozen"
1441,"589",60,"HPLC","Frozen"
1604,"589",60,"Roche Vitamin D Total II","Frozen"
1760,"589",60,"LC-MS-MS","Frozen"
1805,"589",60,"Roche Vitamin D Total II","Frozen"
1890,"590",60,"IDS-iSYS New","Room"
1966,"589",60,"Roche Vitamin D Total II","Frozen"
2135,"590",60,"Siemens ADVIA Centaur","Room"
2320,"590",60,"Abbott Architect - New (5P02)","Room"
2356,"590",60,"DiaSorin Liaison Total","Room"
2369,"590",60,"LC-MS-MS","Room"
188,"589",60.1,"LC-MS-MS","Frozen"
1837,"589",60.1,"LC-MS-MS","Frozen"
2020,"590",60.1,"LC-MS-MS","Room"
2119,"589",60.1,"Abbott Architect - New (5P02)","Frozen"
1609,"589",60.2,"Abbott Alinity i","Frozen"
1822,"590",60.2,"DiaSorin Liaison Total","Room"
1970,"589",60.2,"LC-MS-MS","Frozen"
2330,"590",60.2,"HPLC","Room"
2355,"590",60.2,"DiaSorin Liaison Total","Room"
92,"590",60.3,"Abbott Alinity i","Room"
187,"589",60.3,"DiaSorin Liaison Total","Frozen"
1297,"589",60.3,"DiaSorin Liaison Total","Frozen"
2110,"590",60.3,"Roche Total 25OHD","Room"
1448,"590",60.4,"Roche Total 25OHD","Room"
2074,"589",60.4,"DiaSorin Liaison Total","Frozen"
188,"590",60.5,"LC-MS-MS","Room"
342,"589",60.5,"LC-MS-MS","Frozen"
348,"590",60.5,"HPLC","Room"
943,"589",60.5,"Siemens ADVIA Centaur","Frozen"
1173,"589",60.5,"LC-MS-MS","Frozen"
1273,"589",60.5,"Euroimmun ELISA","Frozen"
1384,"589",60.5,"Roche Vitamin D Total II","Frozen"
1627,"589",60.5,"LC-MS-MS","Frozen"
1681,"590",60.5,"DIAsource Total 25OHD ELISA","Room"
1758,"589",60.5,"Abbott Architect - New (5P02)","Frozen"
2251,"590",60.5,"DiaSorin Liaison Total","Room"
2321,"589",60.5,"Siemens ADVIA Centaur","Frozen"
1201,"589",60.6,"LC-MS-MS","Frozen"
1886,"589",60.6,"IDS-iSYS New","Frozen"
105,"590",60.8,"DiaSorin Liaison Total","Room"
224,"590",60.8,"Siemens ADVIA Centaur","Room"
1607,"590",60.8,"LC-MS-MS","Room"
2338,"590",60.8,"LC-MS-MS","Room"
395,"589",60.9,"Roche Vitamin D Total II","Frozen"
558,"590",60.9,"IDS-iSYS New","Room"
833,"589",60.9,"DiaSorin Liaison Total","Frozen"
1941,"590",60.9,"DiaSorin Liaison Total","Room"
2355,"589",60.9,"DiaSorin Liaison Total","Frozen"
71,"589",61,"Roche Vitamin D Total II","Frozen"
205,"590",61,"IDS-iSYS New","Room"
307,"589",61,"LC-MS-MS","Frozen"
359,"590",61,"DiaSorin Liaison Total","Room"
681,"590",61,"Roche Vitamin D Total II","Room"
738,"589",61,"DiaSorin Liaison Total","Frozen"
1030,"590",61,"Roche Vitamin D Total II","Room"
1108,"589",61,"Roche Vitamin D Total II","Frozen"
1627,"590",61,"LC-MS-MS","Room"
1769,"590",61,"Abbott Alinity i","Room"
1859,"589",61,"LC-MS-MS","Frozen"
1859,"590",61,"LC-MS-MS","Room"
1977,"589",61,"Abbott Architect - New (5P02)","Frozen"
2013,"590",61,"DiaSorin Liaison Total","Room"
2143,"590",61,"IDS-iSYS New","Room"
2320,"589",61,"Abbott Architect - New (5P02)","Frozen"
2368,"589",61,"Beckman Unicel Dxi Total 25OHD","Frozen"
2391,"590",61,"Siemens Atellica IM","Room"
752,"590",61.1,"Abbott Architect - New (5P02)","Room"
949,"589",61.1,"Roche Vitamin D Total II","Frozen"
36,"590",61.2,"Abbott Architect - New (5P02)","Room"
1893,"589",61.2,"Abbott Architect - New (5P02)","Frozen"
730,"589",61.3,"DiaSorin Liaison Total","Frozen"
1758,"590",61.3,"Abbott Architect - New (5P02)","Room"
2048,"589",61.3,"Roche Total 25OHD","Frozen"
66,"589",61.4,"LC-MS-MS","Frozen"
382,"589",61.4,"LC-MS-MS","Frozen"
752,"589",61.4,"Abbott Architect - New (5P02)","Frozen"
1242,"589",61.4,"Roche Vitamin D Total II","Frozen"
689,"589",61.5,"DiaSorin Liaison Total","Frozen"
958,"589",61.5,"IDS-iSYS","Frozen"
1809,"589",61.5,"Siemens ADVIA Centaur","Frozen"
2029,"589",61.5,"Abbott Alinity i","Frozen"
2107,"589",61.5,"bioMerieux 25OH Vitamin D Total","Frozen"
2399,"590",61.5,"IDS-iSYS","Room"
308,"589",61.6,"Roche Vitamin D Total II","Frozen"
2029,"590",61.6,"Abbott Alinity i","Room"
92,"589",61.7,"Abbott Alinity i","Frozen"
198,"590",61.7,"Siemens ADVIA Centaur","Room"
922,"589",61.7,"Siemens Atellica IM","Frozen"
191,"590",61.8,"DiaSorin Liaison Total","Room"
885,"589",61.8,"IDS-iSYS New","Frozen"
947,"590",61.8,"DiaSorin Liaison Total","Room"
1412,"589",61.8,"Abbott Alinity i","Frozen"
2213,"589",61.8,"Roche Vitamin D Total II","Frozen"
2340,"589",61.8,"LC-MS-MS","Frozen"
2437,"589",61.8,"LC-MS-MS","Frozen"
189,"589",61.9,"LC-MS-MS","Frozen"
1822,"589",61.9,"DiaSorin Liaison Total","Frozen"
37,"589",62,"LC-MS-MS","Frozen"
40,"589",62,"Abbott Architect - New (5P02)","Frozen"
55,"590",62,"Abbott Alinity i","Room"
93,"589",62,"Roche Total 25OHD","Frozen"
95,"589",62,"Roche Vitamin D Total II","Frozen"
107,"589",62,"LC-MS-MS","Frozen"
147,"590",62,"LC-MS-MS","Room"
546,"589",62,"Abbott Alinity i","Frozen"
627,"590",62,"Beckman Unicel Dxi Total 25OHD","Room"
870,"589",62,"LC-MS-MS","Frozen"
984,"590",62,"Roche Vitamin D Total II","Room"
1613,"589",62,"Siemens ADVIA Centaur","Frozen"
1829,"590",62,"Siemens ADVIA Centaur","Room"
2204,"589",62,"LC-MS-MS","Frozen"
2362,"589",62,"DiaSorin Liaison Total","Frozen"
2442,"589",62,"LC-MS-MS","Frozen"
382,"590",62.1,"LC-MS-MS","Room"
2380,"590",62.1,"LC-MS-MS","Room"
2439,"589",62.1,"Abbott Alinity i","Frozen"
203,"589",62.2,"LC-MS-MS","Frozen"
255,"590",62.2,"LC-MS-MS","Room"
861,"589",62.2,"LC-MS-MS","Frozen"
1625,"589",62.2,"IDS-iSYS","Frozen"
549,"589",62.3,"LC-MS-MS","Frozen"
558,"589",62.3,"IDS-iSYS New","Frozen"
308,"590",62.4,"Roche Vitamin D Total II","Room"
1607,"589",62.4,"LC-MS-MS","Frozen"
179,"589",62.5,"Siemens Atellica IM","Frozen"
196,"589",62.5,"LC-MS-MS","Frozen"
196,"590",62.5,"LC-MS-MS","Room"
267,"589",62.5,"IDS-iSYS New","Frozen"
267,"590",62.5,"IDS-iSYS New","Room"
913,"589",62.5,"Abbott Alinity i","Frozen"
1609,"590",62.5,"Abbott Alinity i","Room"
1634,"589",62.5,"LC-MS-MS","Frozen"
1695,"589",62.5,"LC-MS-MS","Frozen"
1695,"590",62.5,"LC-MS-MS","Room"
1754,"589",62.5,"IDS-iSYS New","Frozen"
1890,"589",62.5,"IDS-iSYS New","Frozen"
2390,"590",62.5,"IDS-iSYS New","Room"
300,"589",62.6,"Siemens ADVIA Centaur","Frozen"
1030,"589",62.6,"Roche Vitamin D Total II","Frozen"
949,"590",62.7,"Roche Vitamin D Total II","Room"
1575,"590",62.7,"LC-MS-MS","Room"
2096,"590",62.7,"IDS-iSYS New","Room"
189,"590",62.8,"LC-MS-MS","Room"
859,"590",62.8,"LC-MS-MS","Room"
2321,"590",62.8,"Siemens ADVIA Centaur","Room"
2340,"590",62.8,"LC-MS-MS","Room"
419,"589",62.9,"LC-MS-MS","Frozen"
1519,"589",62.9,"LC-MS-MS","Frozen"
93,"590",63,"Roche Total 25OHD","Room"
105,"589",63,"DiaSorin Liaison Total","Frozen"
152,"589",63,"IDS-iSYS New","Frozen"
219,"589",63,"DiaSorin Liaison Total","Frozen"
348,"589",63,"HPLC","Frozen"
734,"590",63,"Abbott Alinity i","Room"
802,"589",63,"IDS-iSYS","Frozen"
1015,"590",63,"Beckman Unicel Dxi Total 25OHD","Room"
1455,"590",63,"LC-MS-MS","Room"
1778,"590",63,"LC-MS-MS","Room"
1870,"590",63,"Roche Total 25OHD","Room"
1894,"590",63,"IDS-iSYS","Room"
1966,"590",63,"Roche Vitamin D Total II","Room"
1998,"590",63,"LC-MS-MS","Room"
2007,"589",63,"LC-MS-MS","Frozen"
2305,"589",63,"Abbott Architect - Old (3L52)","Frozen"
2348,"590",63,"LC-MS-MS","Room"
2433,"589",63,"Roche Vitamin D Total II","Frozen"
2437,"590",63,"LC-MS-MS","Room"
2442,"590",63,"LC-MS-MS","Room"
300,"590",63.1,"Siemens ADVIA Centaur","Room"
1448,"589",63.1,"Roche Total 25OHD","Frozen"
1634,"590",63.1,"LC-MS-MS","Room"
2017,"589",63.1,"LC-MS-MS","Frozen"
2439,"590",63.1,"Abbott Alinity i","Room"
203,"590",63.2,"LC-MS-MS","Room"
1052,"589",63.2,"LC-MS-MS","Frozen"
2343,"590",63.2,"Roche Total 25OHD","Room"
443,"589",63.3,"Roche Total 25OHD","Frozen"
734,"589",63.3,"Abbott Alinity i","Frozen"
1931,"590",63.3,"Siemens Atellica IM","Room"
2107,"590",63.3,"bioMerieux 25OH Vitamin D Total","Room"
373,"590",63.4,"LC-MS-MS","Room"
1423,"589",63.4,"Siemens Atellica IM","Frozen"
2312,"589",63.4,"LC-MS-MS","Frozen"
751,"590",63.5,"Siemens ADVIA Centaur","Room"
1701,"589",63.5,"IDS-iSYS","Frozen"
1754,"590",63.5,"IDS-iSYS New","Room"
2343,"589",63.5,"Roche Total 25OHD","Frozen"
1052,"590",63.6,"LC-MS-MS","Room"
1728,"590",63.6,"Roche Total 25OHD","Room"
2330,"589",63.6,"HPLC","Frozen"
2191,"589",63.7,"IDS-iSYS","Frozen"
2202,"590",63.7,"LC-MS-MS","Room"
415,"590",63.8,"Siemens Atellica IM","Room"
1167,"589",63.8,"Roche Total 25OHD","Frozen"
1625,"590",63.8,"IDS-iSYS","Room"
2399,"589",63.8,"IDS-iSYS","Frozen"
373,"589",63.9,"LC-MS-MS","Frozen"
1442,"589",63.9,"HPLC","Frozen"
2204,"590",63.9,"LC-MS-MS","Room"
219,"590",64,"DiaSorin Liaison Total","Room"
392,"589",64,"Roche Total 25OHD","Frozen"
578,"590",64,"LC-MS-MS","Room"
1412,"590",64,"Abbott Alinity i","Room"
1941,"589",64,"DiaSorin Liaison Total","Frozen"
2128,"589",64,"IDS-iSYS New","Frozen"
2231,"590",64,"LC-MS-MS","Room"
2374,"589",64,"Abbott Alinity i","Frozen"
2374,"590",64,"Abbott Alinity i","Room"
1442,"590",64.1,"HPLC","Room"
2191,"590",64.1,"IDS-iSYS","Room"
1919,"589",64.2,"LC-MS-MS","Frozen"
186,"589",64.3,"LC-MS-MS","Frozen"
5,"590",64.4,"LC-MS-MS","Room"
416,"590",64.4,"Roche Total 25OHD","Room"
804,"589",64.4,"LC-MS-MS","Frozen"
1701,"590",64.4,"IDS-iSYS","Room"
1728,"589",64.4,"Roche Total 25OHD","Frozen"
1809,"590",64.4,"Siemens ADVIA Centaur","Room"
1912,"590",64.4,"LC-MS-MS","Room"
2201,"590",64.4,"Roche Total 25OHD","Room"
853,"589",64.5,"Siemens ADVIA Centaur","Frozen"
1227,"590",64.5,"Roche Vitamin D Total II","Room"
1937,"589",64.5,"Beckman Unicel Dxi Total 25OHD","Frozen"
2147,"590",64.5,"DiaSorin Liaison Total","Room"
1912,"589",64.6,"LC-MS-MS","Frozen"
465,"589",64.8,"Siemens ADVIA Centaur","Frozen"
1168,"590",64.8,"Beckman Unicel Dxi Total 25OHD","Room"
2128,"590",64.8,"IDS-iSYS New","Room"
2221,"590",64.8,"HPLC","Room"
1167,"590",64.9,"Roche Total 25OHD","Room"
16,"589",65,"LC-MS-MS","Frozen"
16,"590",65,"LC-MS-MS","Room"
72,"589",65,"Roche Total 25OHD","Frozen"
104,"589",65,"Beckman Unicel Dxi Total 25OHD","Frozen"
546,"590",65,"Abbott Alinity i","Room"
578,"589",65,"LC-MS-MS","Frozen"
625,"589",65,"LC-MS-MS","Frozen"
655,"590",65,"LC-MS-MS","Room"
1032,"590",65,"LC-MS-MS","Room"
1325,"590",65,"DiaSorin Liaison Total","Room"
1646,"589",65,"Siemens Atellica IM","Frozen"
1870,"589",65,"Roche Total 25OHD","Frozen"
2220,"589",65,"Roche Vitamin D Total II","Frozen"
2220,"590",65,"Roche Vitamin D Total II","Room"
2380,"589",65,"LC-MS-MS","Frozen"
2390,"589",65,"IDS-iSYS New","Frozen"
2397,"590",65,"Roche Total 25OHD","Room"
2440,"589",65,"LC-MS-MS","Frozen"
38,"589",65.2,"IDS RIA","Frozen"
273,"589",65.2,"DiaSorin Liaison Total","Frozen"
2074,"590",65.2,"DiaSorin Liaison Total","Room"
5,"589",65.3,"LC-MS-MS","Frozen"
443,"590",65.3,"Roche Total 25OHD","Room"
1575,"589",65.3,"LC-MS-MS","Frozen"
419,"590",65.4,"LC-MS-MS","Room"
2310,"589",65.4,"LumiQuick ELISA Vitamin D","Frozen"
2436,"589",65.4,"LC-MS-MS","Frozen"
1479,"589",65.5,"LC-MS-MS","Frozen"
1554,"589",65.5,"Roche Total 25OHD","Frozen"
2221,"589",65.5,"HPLC","Frozen"
2306,"590",65.5,"Roche Total 25OHD","Room"
2436,"590",65.5,"LC-MS-MS","Room"
66,"590",65.6,"LC-MS-MS","Room"
342,"590",65.6,"LC-MS-MS","Room"
804,"590",65.6,"LC-MS-MS","Room"
585,"589",65.8,"IDS-iSYS New","Frozen"
865,"589",65.8,"IDS-iSYS New","Frozen"
865,"590",65.8,"IDS-iSYS New","Room"
1168,"589",65.8,"Beckman Unicel Dxi Total 25OHD","Frozen"
2338,"589",65.8,"LC-MS-MS","Frozen"
416,"589",65.9,"Roche Total 25OHD","Frozen"
2201,"589",65.9,"Roche Total 25OHD","Frozen"
2337,"590",65.9,"Roche Vitamin D Total II","Room"
72,"590",66,"Roche Total 25OHD","Room"
156,"590",66,"Roche Total 25OHD","Room"
234,"589",66,"LC-MS-MS","Frozen"
984,"589",66,"Roche Vitamin D Total II","Frozen"
1409,"589",66,"LC-MS-MS","Frozen"
1778,"589",66,"LC-MS-MS","Frozen"
1829,"589",66,"Siemens ADVIA Centaur","Frozen"
1998,"589",66,"LC-MS-MS","Frozen"
2007,"590",66,"LC-MS-MS","Room"
2426,"590",66,"Roche Vitamin D Total II","Room"
161,"589",66.1,"HPLC","Frozen"
1554,"590",66.1,"Roche Total 25OHD","Room"
2275,"589",66.1,"Affimedix Rapi-D 25OHDTest","Frozen"
413,"589",66.3,"LC-MS-MS","Frozen"
1211,"589",66.3,"LC-MS-MS","Frozen"
210,"590",66.4,"HPLC","Room"
1769,"589",66.5,"Abbott Alinity i","Frozen"
2306,"589",66.5,"Roche Total 25OHD","Frozen"
2136,"590",66.6,"Siemens ADVIA Centaur","Room"
170,"589",66.7,"LC-MS-MS","Frozen"
2252,"589",66.7,"Abbott Alinity i","Frozen"
2365,"589",66.7,"IDS EIA","Frozen"
689,"590",66.8,"DiaSorin Liaison Total","Room"
2195,"590",66.8,"LC-MS-MS","Room"
38,"590",67,"IDS RIA","Room"
437,"589",67,"Roche Vitamin D Total II","Frozen"
1211,"590",67,"LC-MS-MS","Room"
1409,"590",67,"LC-MS-MS","Room"
1964,"589",67,"Roche Vitamin D Total II","Frozen"
170,"590",67.1,"LC-MS-MS","Room"
1746,"590",67.2,"Beckman Unicel Dxi Total 25OHD","Room"
672,"589",67.3,"Siemens ADVIA Centaur","Frozen"
2047,"589",67.3,"Roche Total 25OHD","Frozen"
2231,"589",67.3,"LC-MS-MS","Frozen"
273,"590",67.4,"DiaSorin Liaison Total","Room"
2337,"589",67.4,"Roche Vitamin D Total II","Frozen"
305,"590",67.5,"Siemens ADVIA Centaur","Room"
1646,"590",67.5,"Siemens Atellica IM","Room"
1937,"590",67.5,"Beckman Unicel Dxi Total 25OHD","Room"
2336,"589",67.5,"LC-MS-MS","Frozen"
69,"589",67.6,"LC-MS-MS","Frozen"
107,"590",68,"LC-MS-MS","Room"
234,"590",68,"LC-MS-MS","Room"
1032,"589",68,"LC-MS-MS","Frozen"
2426,"589",68,"Roche Vitamin D Total II","Frozen"
2433,"590",68,"Roche Vitamin D Total II","Room"
2440,"590",68,"LC-MS-MS","Room"
1869,"589",68.2,"LC-MS-MS","Frozen"
437,"590",68.3,"Roche Vitamin D Total II","Room"
1529,"589",68.5,"Siemens ADVIA Centaur","Frozen"
2147,"589",68.5,"DiaSorin Liaison Total","Frozen"
2365,"590",68.6,"IDS EIA","Room"
2310,"590",68.8,"LumiQuick ELISA Vitamin D","Room"
182,"590",69,"LC-MS-MS","Room"
1315,"589",69,"Siemens ADVIA Centaur","Frozen"
1529,"590",69,"Siemens ADVIA Centaur","Room"
1613,"590",69,"Siemens ADVIA Centaur","Room"
1964,"590",69,"Roche Vitamin D Total II","Room"
2047,"590",69,"Roche Total 25OHD","Room"
2224,"590",69,"LC-MS-MS","Room"
2397,"589",69,"Roche Total 25OHD","Frozen"
943,"590",69.1,"Siemens ADVIA Centaur","Room"
1919,"590",69.1,"LC-MS-MS","Room"
2336,"590",69.1,"LC-MS-MS","Room"
1302,"590",69.2,"DiaSorin Liaison Total","Room"
2341,"589",69.3,"LC-MS-MS","Frozen"
1497,"589",69.4,"Tosoh AIA","Frozen"
141,"590",69.5,"IDS-iSYS","Room"
643,"589",69.5,"Abbott Architect - New (5P02)","Frozen"
643,"590",69.5,"Abbott Architect - New (5P02)","Room"
2275,"590",69.6,"Affimedix Rapi-D 25OHDTest","Room"
413,"590",69.8,"LC-MS-MS","Room"
625,"590",69.9,"LC-MS-MS","Room"
1062,"589",69.9,"Siemens ADVIA Centaur","Frozen"
77,"590",70,"LC-MS-MS","Room"
156,"589",70,"Roche Total 25OHD","Frozen"
410,"589",70,"DiaSorin Liaison Total","Frozen"
2252,"590",70,"Abbott Alinity i","Room"
2351,"589",70,"LC-MS-MS","Frozen"
2351,"590",70,"LC-MS-MS","Room"
210,"589",70.1,"HPLC","Frozen"
2286,"589",70.2,"LumiQuick Rapid Vitamin D","Frozen"
2341,"590",70.2,"LC-MS-MS","Room"
1227,"589",70.5,"Roche Vitamin D Total II","Frozen"
1302,"589",70.5,"DiaSorin Liaison Total","Frozen"
1869,"590",70.8,"LC-MS-MS","Room"
2285,"589",70.8,"Affimedix Micro-D Sandwich ELISA","Frozen"
2269,"590",70.9,"Unknown","Room"
2308,"589",70.9,"Affimedix CHEMI-D Sandwich CLIA","Frozen"
672,"590",71,"Siemens ADVIA Centaur","Room"
2001,"590",71,"Roche Total 25OHD","Room"
2195,"589",71.2,"LC-MS-MS","Frozen"
1726,"590",71.5,"LC-MS-MS","Room"
2053,"589",71.8,"Roche Total 25OHD","Frozen"
2269,"589",71.8,"Unknown","Frozen"
69,"590",71.9,"LC-MS-MS","Room"
182,"589",72,"LC-MS-MS","Frozen"
392,"590",72,"Roche Total 25OHD","Room"
2001,"589",72,"Roche Total 25OHD","Frozen"
2224,"589",72,"LC-MS-MS","Frozen"
1549,"589",72.2,"LC-MS-MS","Frozen"
922,"590",72.3,"Siemens Atellica IM","Room"
1993,"589",72.5,"Beckman Unicel Dxi Total 25OHD","Frozen"
1735,"589",73,"Siemens ADVIA Centaur","Frozen"
1497,"590",73.1,"Tosoh AIA","Room"
241,"590",73.2,"Roche Vitamin D Total II","Room"
241,"589",73.5,"Roche Vitamin D Total II","Frozen"
2053,"590",73.5,"Roche Total 25OHD","Room"
2020,"589",73.7,"LC-MS-MS","Frozen"
1726,"589",73.9,"LC-MS-MS","Frozen"
853,"590",74.5,"Siemens ADVIA Centaur","Room"
2286,"590",74.5,"LumiQuick Rapid Vitamin D","Room"
410,"590",74.8,"DiaSorin Liaison Total","Room"
2285,"590",74.9,"Affimedix Micro-D Sandwich ELISA","Room"
1549,"590",75,"LC-MS-MS","Room"
1993,"590",75,"Beckman Unicel Dxi Total 25OHD","Room"
800,"589",75.8,"LC-MS-MS","Frozen"
2308,"590",75.8,"Affimedix CHEMI-D Sandwich CLIA","Room"
1315,"590",76,"Siemens ADVIA Centaur","Room"
2217,"590",77,"Siemens ADVIA Centaur","Room"
1062,"590",78.2,"Siemens ADVIA Centaur","Room"
171,"589",79,"Siemens Atellica IM","Frozen"
103,"590",79.3,"LC-MS-MS","Room"
800,"590",80.3,"LC-MS-MS","Room"
77,"589",81,"LC-MS-MS","Frozen"
2048,"590",81,"Roche Total 25OHD","Room"
103,"589",81.1,"LC-MS-MS","Frozen"
1735,"590",82,"Siemens ADVIA Centaur","Room"
2013,"589",82,"DiaSorin Liaison Total","Frozen"
146,"589",83.9,"IDS-iSYS","Frozen"
2290,"590",85.4,"DiaSorin Liaison Total","Room"
161,"590",86.3,"HPLC","Room"
1416,"589",87,"LC-MS-MS","Frozen"
171,"590",88.2,"Siemens Atellica IM","Room"
146,"590",89,"IDS-iSYS","Room"
1416,"590",93,"LC-MS-MS","Room"
2314,"589",97.5,"LC-MS-MS","Frozen"
2314,"590",100,"LC-MS-MS","Room"
2178,"589",NA,"LC-MS-MS","Frozen"
79,"590",NA,"DiaSorin Liaison Total","Room"
1718,"589",NA,"Abbott Architect - New (5P02)","Frozen"
